{
    "MSE": 0.00017462672900793436,
    "RMSE": 0.01321464070672882,
    "MAE": 0.009562159378410564,
    "R2": 9.451274445959612e-05,
    "Profit Factor": 1.3082309206503948,
    "Cumulative Return": 0.15989783991016893,
    "Sharpe Ratio": 1.5834349980483207,
    "Max Drawdown": 0.08542428023537668
}